{
  "AUD-EUR": {
    "rate": 0.644277,
    "timeepoch": 1618851165
  },
  "AUD-KRW": {
    "rate": 863.609615,
    "timeepoch": 1618647357
  },
  "AUD-USD": {
    "rate": 0.7755,
    "timeepoch": 1621886385
  },
  "EUR-AUD": {
    "rate": 1.5521274234529558,
    "timeepoch": 1618851165
  },
  "EUR-GBP": {
    "rate": 0.8607148236610505,
    "timeepoch": 1618851165
  },
  "EUR-KRW": {
    "rate": 1364.256480218281,
    "timeepoch": 1628769087
  },
  "EUR-NGN": {
    "rate": 460.6172270842929,
    "timeepoch": 1619465034
  },
  "EUR-RUB": {
    "rate": 91.77679882525698,
    "timeepoch": 1618851164
  },
  "EUR-UAH": {
    "rate": 33.6802398033074,
    "timeepoch": 1618851165
  },
  "EUR-USD": {
    "rate": 1.1734816614153363,
    "timeepoch": 1628769084
  },
  "GBP-EUR": {
    "rate": 1.161825,
    "timeepoch": 1618851165
  },
  "GBP-KRW": {
    "rate": 1544.71829,
    "timeepoch": 1618760277
  },
  "GBP-USD": {
    "rate": 1.415749,
    "timeepoch": 1621886384
  },
  "KRW-AUD": {
    "rate": 0.001157930600390548,
    "timeepoch": 1618647357
  },
  "KRW-EUR": {
    "rate": 0.000733,
    "timeepoch": 1628769087
  },
  "KRW-GBP": {
    "rate": 0.0006473672296584252,
    "timeepoch": 1618760277
  },
  "KRW-NGN": {
    "rate": 0.3407546283849287,
    "timeepoch": 1618760278
  },
  "KRW-RUB": {
    "rate": 0.06771045492758773,
    "timeepoch": 1618760277
  },
  "KRW-UAH": {
    "rate": 0.025079805823114587,
    "timeepoch": 1618760276
  },
  "KRW-USD": {
    "rate": 0.00089,
    "timeepoch": 1621886387
  },
  "NGN-EUR": {
    "rate": 0.002171,
    "timeepoch": 1619465034
  },
  "NGN-KRW": {
    "rate": 2.934663,
    "timeepoch": 1618760278
  },
  "NGN-USD": {
    "rate": 0.002625,
    "timeepoch": 1618525896
  },
  "RUB-EUR": {
    "rate": 0.010896,
    "timeepoch": 1618851164
  },
  "RUB-KRW": {
    "rate": 14.768768,
    "timeepoch": 1618760277
  },
  "RUB-USD": {
    "rate": 0.013607,
    "timeepoch": 1621886384
  },
  "UAH-EUR": {
    "rate": 0.029691,
    "timeepoch": 1618851165
  },
  "UAH-KRW": {
    "rate": 39.872717,
    "timeepoch": 1618760276
  },
  "UAH-USD": {
    "rate": 0.035774,
    "timeepoch": 1618518807
  },
  "USD-AUD": {
    "rate": 1.2894906511927788,
    "timeepoch": 1621886385
  },
  "USD-EUR": {
    "rate": 0.852165,
    "timeepoch": 1628769084
  },
  "USD-GBP": {
    "rate": 0.7063398949955112,
    "timeepoch": 1621886384
  },
  "USD-KRW": {
    "rate": 1123.5955056179776,
    "timeepoch": 1621886387
  },
  "USD-NGN": {
    "rate": 380.9523809523809,
    "timeepoch": 1618525896
  },
  "USD-RUB": {
    "rate": 73.49158521349305,
    "timeepoch": 1621886384
  },
  "USD-UAH": {
    "rate": 27.953262145692403,
    "timeepoch": 1618518807
  }
}